id,name,symbol,slug,cmc_rank,price,volume_24h,market_cap,percent_change_1h,percent_change_24h,percent_change_7d,last_updated,pull_timestamp
1,Bitcoin,BTC,bitcoin,1,83290.78602527229,36229911051.283714,1673351954115.7986,-0.32495768,-1.68287112,-2.77187716,2026-09-28 14:31:00+00:00,2026-09-28 14:31:43.654000+00:00
1027,Ethereum,ETH,ethereum,2,2670.9723448803306,13876053389.4627,326092266245.2447,-0.66178355,-0.69985423,-2.16790671,2026-09-28 14:30:00+00:00,2026-09-28 14:31:43.654000+00:00
825,Tether USDt,USDT,tether,3,0.999657114379055,79712907341.10387,183755787135.73044,-0.0048202,0.00328498,0.00905508,2026-09-28 14:30:00+00:00,2026-09-28 14:31:43.654000+00:00
1839,BNB,BNB,bnb,4,762.5908906830372,1474921530.294742,101546323956.09451,-0.34345438,-2.05052149,-4.33305577,2026-09-28 14:30:00+00:00,2026-09-28 14:31:43.654000+00:00
52,XRP,XRP,xrp,5,1.5020205839832006,4342914922.016251,94445867497.7972,-1.36274166,-1.43825069,0.85090982,2026-09-28 14:30:00+00:00,2026-09-28 14:31:43.654000+00:00
3408,USDC,USDC,usd-coin,6,0.9998962132382507,14831456458.058113,74935021691.59387,-0.00505149,0.01585123,0.00324842,2026-09-28 14:30:00+00:00,2026-09-28 14:31:43.654000+00:00
5426,Solana,SOL,solana,7,118.95425374214963,3726622790.2205024,69919165969.26758,-0.65135907,-2.66415317,0.46161687,2026-09-28 14:30:00+00:00,2026-09-28 14:31:43.654000+00:00
1958,TRON,TRX,tron,8,0.33441882424517716,363649550.0961606,31760739212.405514,-0.11428318,0.31819501,-3.01903725,2026-09-28 14:31:00+00:00,2026-09-28 14:31:43.654000+00:00
1437,Zcash,ZEC,zcash,9,1573.8376483232792,1138100244.2297397,26583718733.60917,-1.09098027,-3.59127642,3.36266456,2026-09-28 14:30:00+00:00,2026-09-28 14:31:43.654000+00:00
32196,Hyperliquid,HYPE,hyperliquid,10,87.90210612764548,945882137.1741961,22077464032.831287,-1.81501945,-4.24104178,-6.77611569,2026-09-28 14:30:00+00:00,2026-09-28 14:31:43.654000+00:00
74,Dogecoin,DOGE,dogecoin,11,0.09287458595090502,1329682031.4171488,15957291855.33574,-1.25556425,-4.47737546,-0.70931821,2026-09-28 14:30:00+00:00,2026-09-28 14:31:43.654000+00:00
1975,Chainlink,LINK,chainlink,12,14.31411817032824,751103478.1091372,10708391379.88085,-2.37395901,1.77584559,10.0130682,2026-09-28 14:31:00+00:00,2026-09-28 14:31:43.654000+00:00
328,Monero,XMR,monero,13,528.8134810895613,106995657.5592483,9947308428.941248,-0.24926341,-2.8995667,-7.70773007,2026-09-28 14:31:00+00:00,2026-09-28 14:31:43.654000+00:00
2010,Cardano,ADA,cardano,14,0.243560213098137,597773817.891377,8957276101.570822,-2.57532836,-4.13972731,0.35845743,2026-09-28 14:31:00+00:00,2026-09-28 14:31:43.654000+00:00
3957,UNUS SED LEO,LEO,unus-sed-leo,15,8.986173108131226,429493.84438917,8266001892.047136,-0.436526,-0.30728529,0.60056994,2026-09-28 14:30:00+00:00,2026-09-28 14:31:43.654000+00:00
512,Stellar,XLM,stellar,16,0.21886827223869754,476179807.65599406,7653860769.492875,-2.61272062,1.51014967,5.08522306,2026-09-28 14:30:00+00:00,2026-09-28 14:31:43.654000+00:00
6535,NEAR Protocol,NEAR,near-protocol,17,5.114589640601984,1492866678.6450336,6687478600.014917,-1.7385163,-1.74632531,24.40780111,2026-09-28 14:30:00+00:00,2026-09-28 14:31:43.654000+00:00
1831,Bitcoin Cash,BCH,bitcoin-cash,18,310.8030908279122,342855892.6743696,6245769735.743098,-0.63411151,-6.99462257,15.72130453,2026-09-28 14:30:00+00:00,2026-09-28 14:31:43.654000+00:00
7083,Uniswap,UNI,uniswap,19,8.812649547156212,1058538164.5184394,5467547756.364669,-2.23995974,-9.85908728,-0.79724391,2026-09-28 14:31:00+00:00,2026-09-28 14:31:43.654000+00:00
2,Litecoin,LTC,litecoin,20,69.54416358083958,526177695.8213176,5400778326.544672,-1.42283671,-2.0175394,11.66536494,2026-09-28 14:30:00+00:00,2026-09-28 14:31:43.654000+00:00
4642,Hedera,HBAR,hedera,21,0.11941624566631723,808491252.0079273,5234217819.162745,1.01214618,27.55299209,30.9190953,2026-09-28 14:30:00+00:00,2026-09-28 14:31:43.654000+00:00
37263,Canton,CC,canton-network,22,0.13101860185058598,62298910.74062648,5202227353.594777,-0.97351012,-2.17472741,13.73292984,2026-09-28 14:31:00+00:00,2026-09-28 14:31:43.654000+00:00
29470,Ethena USDe,USDe,ethena-usde,23,0.9998974882209865,34114994.39031018,4903606365.14761,0.00834051,0.01426043,0.0132328,2026-09-28 14:30:00+00:00,2026-09-28 14:31:43.654000+00:00
20947,Sui,SUI,sui,24,1.1681900860404018,1513734360.9037788,4785534081.685386,-1.84001003,-5.59832728,11.97096298,2026-09-28 14:30:00+00:00,2026-09-28 14:31:43.654000+00:00
11419,Gram (prev. Toncoin),GRAM,gram,25,1.6515036627967397,266088190.85644028,4649221259.165606,0.24932896,3.86292629,15.31800776,2026-09-28 14:30:00+00:00,2026-09-28 14:31:43.654000+00:00
5805,Avalanche,AVAX,avalanche,26,10.370665650857948,583355308.3582636,4595084291.323234,-1.28156657,-5.05616439,-7.31134599,2026-09-28 14:30:00+00:00,2026-09-28 14:31:43.654000+00:00
4943,Dai,DAI,multi-collateral-dai,27,0.9998421964732198,23111763.90636098,4585257797.629283,0.00269166,0.03584884,0.04664853,2026-09-28 14:30:00+00:00,2026-09-28 14:31:43.654000+00:00
36148,World Liberty Financial USD,USD1,usd1,28,0.9994227725317831,892606158.8326799,4393624531.758069,-0.00729841,-0.00058986,-0.00552619,2026-09-28 14:31:00+00:00,2026-09-28 14:31:43.654000+00:00
22974,Bittensor,TAO,bittensor,29,303.30954914583344,336469437.360853,3506606131.698452,-1.51589307,-6.82488201,6.66480224,2026-09-28 14:30:00+00:00,2026-09-28 14:31:43.654000+00:00
3635,Cronos,CRO,cronos,30,0.067021149714096,19447347.2370959,3334238245.4073787,-2.5490068,-0.63193954,5.24399328,2026-09-28 14:31:00+00:00,2026-09-28 14:31:43.654000+00:00
5994,Shiba Inu,SHIB,shiba-inu,31,5.659289164578484e-06,89334091.43318704,3334673603.2336044,-1.26250902,-4.37494181,-1.68392213,2026-09-28 14:30:00+00:00,2026-09-28 14:31:43.654000+00:00
33793,Global Dollar,USDG,global-dollar-usdg,32,1.0004548106995799,662344911.1010247,3268202561.1895747,0.06906625,-0.01499179,0.04099658,2026-09-28 14:31:00+00:00,2026-09-28 14:31:43.654000+00:00
5176,Tether Gold,XAUt,tether-gold,33,4146.809959274003,376731889.4805573,2858494216.5104995,-0.09390285,-3.11029939,-4.48779188,2026-09-28 14:30:00+00:00,2026-09-28 14:31:43.654000+00:00
3155,Quant,QNT,quant,34,236.68456020533847,1480471038.4198034,2857430684.0042777,-1.78214614,41.7429513,250.30267312,2026-09-28 14:31:00+00:00,2026-09-28 14:31:43.654000+00:00
27772,PayPal USD,PYUSD,paypal-usd,35,0.9999242794163117,37449018.45273367,2717935429.710617,0.01244999,0.02212887,0.02061158,2026-09-28 14:31:00+00:00,2026-09-28 14:31:43.654000+00:00
30171,Ethena,ENA,ethena,36,0.26387015612803344,736745084.7160742,2663851685.536288,-2.62365889,-2.52657747,19.02773523,2026-09-28 14:30:00+00:00,2026-09-28 14:31:43.654000+00:00
35491,MemeCore,M,memecore,37,1.1555388403282303,2313132.55866142,2634271394.656156,-0.73637486,-3.7108318,-22.61900456,2026-09-28 14:31:00+00:00,2026-09-28 14:31:43.654000+00:00
21159,Ondo,ONDO,ondo-finance,38,0.5162644957735709,647566129.0448996,2513862531.228251,-2.95120949,-4.27864781,14.13023381,2026-09-28 14:30:00+00:00,2026-09-28 14:31:43.654000+00:00
34387,Ripple USD,RLUSD,ripple-usd,39,1.0000233286862814,251118878.68303606,2493250751.9249477,0.00926055,0.02044259,0.02160474,2026-09-28 14:30:00+00:00,2026-09-28 14:31:43.654000+00:00
3897,OKB,OKB,okb,40,118.2254939662344,35144276.69072932,2482735373.290922,0.23093579,-2.69147497,-4.28343142,2026-09-28 14:30:00+00:00,2026-09-28 14:31:43.654000+00:00
36507,Pump.fun,PUMP,pump-fun,41,0.005125595059148729,566360483.15011,2386953160.874884,-3.14821114,8.81297697,17.13418259,2026-09-28 14:30:00+00:00,2026-09-28 14:31:43.654000+00:00
7278,Aave,AAVE,aave,42,147.70908927216988,301947455.043103,2279128160.3460937,-1.76147141,-4.05999892,1.62756663,2026-09-28 14:30:00+00:00,2026-09-28 14:31:43.654000+00:00
27075,Mantle,MNT,mantle,43,0.6678361119481577,48882154.29953912,2205391440.9416456,-1.08987421,-1.48262625,5.49777777,2026-09-28 14:30:00+00:00,2026-09-28 14:31:43.654000+00:00
6636,Polkadot,DOT,polkadot-new,44,1.1731725776514417,214551798.1928764,2000119234.108031,-1.14983495,-5.08774298,-0.63427607,2026-09-28 14:30:00+00:00,2026-09-28 14:31:43.654000+00:00
36341,Aster,ASTER,aster,45,0.69911973838536,136017803.24078646,1890789673.2716146,-1.53910739,-4.35618929,-7.52765825,2026-09-28 14:30:00+00:00,2026-09-28 14:31:43.654000+00:00
33038,Sky,SKY,sky,46,0.07915381250672884,73907200.01403764,1854403282.366297,-1.61605392,5.21952395,9.20951648,2026-09-28 14:30:00+00:00,2026-09-28 14:31:43.654000+00:00
13502,Worldcoin,WLD,worldcoin-org,47,0.49764914162037904,577901396.1300032,1850288938.9119835,-3.37929605,-12.13183724,12.18761994,2026-09-28 14:30:00+00:00,2026-09-28 14:31:43.654000+00:00
4705,PAX Gold,PAXG,pax-gold,48,4151.601687059248,231443189.20631537,1805525859.1842573,-0.06670809,-2.92870563,-4.31228053,2026-09-28 14:30:00+00:00,2026-09-28 14:31:43.654000+00:00
33251,World Liberty Financial,WLFI,world-liberty-financial-wlfi,49,0.05613101612823136,62543823.01225299,1783750401.459243,-0.67229652,-3.00661221,-3.50001026,2026-09-28 14:31:00+00:00,2026-09-28 14:31:43.654000+00:00
24478,Pepe,PEPE,pepe,50,4.199205970335269e-06,289510491.42227983,1737515343.9289632,-1.98654623,-3.96601705,-5.04352169,2026-09-28 14:31:00+00:00,2026-09-28 14:31:43.654000+00:00
8916,Internet Computer,ICP,internet-computer,51,2.952626827380207,88666798.73583047,1644376606.8670921,-1.70585492,-7.20446645,-0.1705968,2026-09-28 14:30:00+00:00,2026-09-28 14:31:43.654000+00:00
19891,USDD,USDD,usdd,52,0.9989992918494203,2637959.32415579,1537978422.756705,-0.23358386,-0.00208487,-0.0820376,2026-09-28 14:30:00+00:00,2026-09-28 14:31:43.654000+00:00
39120,United Stables,U,united-stables,53,0.9994460514348199,172723350.9331526,1490031533.3170185,0.00561824,-0.04142741,0.00549142,2026-09-28 14:30:00+00:00,2026-09-28 14:31:43.654000+00:00
1321,Ethereum Classic,ETC,ethereum-classic,54,9.118333636404472,71825228.06563233,1443532566.541701,-1.01439562,-3.48763593,4.18922657,2026-09-28 14:30:00+00:00,2026-09-28 14:31:43.654000+00:00
11841,Arbitrum,ARB,arbitrum,55,0.2037304640543416,370590477.4087927,1382428263.1520057,-3.0678407,-7.80690922,-14.11239778,2026-09-28 14:31:00+00:00,2026-09-28 14:31:43.654000+00:00
11092,Bitget Token,BGB,bitget-token-new,56,1.9831473178965116,22557652.56588801,1388147057.5003896,-0.41920993,-3.49990908,-6.88882074,2026-09-28 14:31:00+00:00,2026-09-28 14:31:43.654000+00:00
34104,Morpho,MORPHO,morpho,57,2.5645407745925293,36755807.89661692,1357816229.497127,-1.13398272,-4.17240668,-7.34930409,2026-09-28 14:30:00+00:00,2026-09-28 14:31:43.654000+00:00
35509,Venice Token,VVV,venice-token,58,27.756897251591912,40445002.87211964,1345783235.607474,-2.4413422,-8.47088214,-13.19860986,2026-09-28 14:30:00+00:00,2026-09-28 14:31:43.654000+00:00
20396,Kaspa,KAS,kaspa,59,0.04700640055914766,28281443.43880484,1303317912.8521943,-1.7043074,-0.54236465,12.65352075,2026-09-28 14:31:00+00:00,2026-09-28 14:31:43.654000+00:00
28321,Polygon (prev. MATIC),POL,polygon-ecosystem-token,60,0.11671461709371053,223642664.53987983,1239771242.0983005,-1.36320295,-2.6446658,3.26476141,2026-09-28 14:30:00+00:00,2026-09-28 14:31:43.654000+00:00
4030,Algorand,ALGO,algorand,61,0.1326483543555005,198062393.94736743,1201498574.9033866,1.25393038,13.99968849,16.63593462,2026-09-28 14:31:00+00:00,2026-09-28 14:31:43.654000+00:00
4269,GateToken,GT,gatetoken,62,10.880708668018881,4612604.65281852,1160360440.7930272,-0.18244357,-3.60128976,-3.53929415,2026-09-28 14:31:00+00:00,2026-09-28 14:31:43.654000+00:00
29210,Jupiter,JUP,jupiter-ag,63,0.33259066231501666,102485228.14305486,1103991202.1494882,-3.84433383,-0.87299563,9.01649533,2026-09-28 14:31:00+00:00,2026-09-28 14:31:43.654000+00:00
39125,Lighter,LIT,lighter,64,4.342282635108286,75380604.59586385,1085570658.7770715,-0.45223806,-7.50582423,-11.92829186,2026-09-28 14:31:00+00:00,2026-09-28 14:31:43.654000+00:00
5488,JUST,JST,just,65,0.13043210764977106,42643491.26558264,1068075013.2324386,-0.9022081,4.08793663,15.47934007,2026-09-28 14:30:00+00:00,2026-09-28 14:31:43.654000+00:00
2087,KuCoin Token,KCS,kucoin-token,66,7.377992112811682,3054763.64325007,1011928665.2171423,-0.29378498,0.65373099,1.38230163,2026-09-28 14:31:00+00:00,2026-09-28 14:31:43.654000+00:00
35697,Pi,PI,pi,67,0.08955553610344517,8544433.18698907,1006874903.4147178,-0.02561571,-1.75417114,1.47348102,2026-09-28 14:30:00+00:00,2026-09-28 14:31:43.654000+00:00
5690,Render,RENDER,render,68,1.9364020645000457,68148298.17765613,1004559384.6333777,-1.62160284,-4.49059841,7.45406295,2026-09-28 14:30:00+00:00,2026-09-28 14:31:43.654000+00:00
3794,Cosmos,ATOM,cosmos,69,1.7195277182005935,58539903.97803424,916132881.11822,-0.92305024,-7.68226713,-4.04016668,2026-09-28 14:30:00+00:00,2026-09-28 14:31:43.654000+00:00
2280,Filecoin,FIL,filecoin,70,1.04377734825652,194776328.9236182,867628444.4062881,-1.67279225,-7.63778062,6.89867672,2026-09-28 14:30:00+00:00,2026-09-28 14:31:43.654000+00:00
7186,PancakeSwap,CAKE,pancakeswap,71,2.632015347204315,92818328.68119656,838775311.3534228,-0.53121888,-7.56672779,3.38766021,2026-09-28 14:30:00+00:00,2026-09-28 14:31:43.654000+00:00
131,Dash,DASH,dash,72,65.27022699717428,154879185.99734843,838469917.7018253,-1.42785945,-3.62488551,9.34316848,2026-09-28 14:30:00+00:00,2026-09-28 14:31:43.654000+00:00
29270,Aerodrome Finance,AERO,aerodrome-finance,73,0.7819766612376914,77854236.69634648,778673621.5135846,-0.64717949,-6.52502588,13.5859398,2026-09-28 14:30:00+00:00,2026-09-28 14:31:43.654000+00:00
3077,VeChain,VET,vechain,74,0.00875434990031627,17102690.69020907,752743136.6565603,-1.83070024,-5.13489112,-0.14136731,2026-09-28 14:31:00+00:00,2026-09-28 14:31:43.654000+00:00
7226,Injective,INJ,injective,75,7.414696006194242,111959936.52854632,741254237.0665762,-1.83253565,-4.44296394,-5.941904,2026-09-28 14:30:00+00:00,2026-09-28 14:31:43.654000+00:00
2634,XDC Network,XDC,xdc-network,76,0.033971656378641295,35561427.67062721,729673432.8340394,0.42807771,7.96455054,14.94831426,2026-09-28 14:30:00+00:00,2026-09-28 14:31:43.654000+00:00
38892,Stable,STABLE,stable,77,0.0267251497494575,10076169.58143263,714334309.7063466,-1.09539295,-2.18552325,4.73053452,2026-09-28 14:31:00+00:00,2026-09-28 14:31:43.654000+00:00
21794,Aptos,APT,aptos,78,0.8076247316277737,94789732.7285395,703378475.9356245,-3.14237537,-4.16968895,2.98459091,2026-09-28 14:31:00+00:00,2026-09-28 14:31:43.654000+00:00
29814,ether.fi,ETHFI,ether-fi-ethfi,79,0.6807011218083578,74298493.88779597,657114827.9376982,-2.06805069,-6.18509832,-7.68966711,2026-09-28 14:31:00+00:00,2026-09-28 14:31:43.654000+00:00
28177,Pyth Network,PYTH,pyth-network,80,0.0797976666878998,47113229.7204095,628403382.5777682,-1.48601193,-4.40648945,23.05179703,2026-09-28 14:31:00+00:00,2026-09-28 14:31:43.654000+00:00
7950,Flare,FLR,flare,81,0.007048743711528417,5844592.77349186,612881326.0831488,-1.40158414,-4.16273787,2.65450449,2026-09-28 14:30:00+00:00,2026-09-28 14:31:43.654000+00:00
34466,Pudgy Penguins,PENGU,pudgy-penguins,82,0.009747222934115821,245332886.96125883,612714294.4164424,-1.64565949,-4.6455232,16.78866232,2026-09-28 14:30:00+00:00,2026-09-28 14:31:43.654000+00:00
23149,Sei,SEI,sei,83,0.07789326843445075,227281151.100961,590420156.2149771,-3.03575904,6.71302246,29.72049114,2026-09-28 14:30:00+00:00,2026-09-28 14:31:43.654000+00:00
26997,LayerZero,ZRO,layerzero,84,1.542999460601309,113451474.58320996,582602074.1804144,-2.93228651,-4.17913564,27.33589692,2026-09-28 14:31:00+00:00,2026-09-28 14:31:43.654000+00:00
4847,Stacks,STX,stacks,85,0.3191040930277766,27741127.41390753,579048134.24348,-0.54776809,-6.87950991,-4.30803051,2026-09-28 14:30:00+00:00,2026-09-28 14:31:43.654000+00:00
35336,OFFICIAL TRUMP,TRUMP,official-trump,86,1.9815098024582627,351813823.3559243,558521949.8268799,-2.28431013,-6.49169872,-7.25549863,2026-09-28 14:31:00+00:00,2026-09-28 14:31:43.654000+00:00
2694,Nexo,NEXO,nexo,87,0.865796002375791,7655020.60526974,559430484.8555112,-0.25000369,-0.92704908,-0.83944759,2026-09-28 14:30:00+00:00,2026-09-28 14:31:43.654000+00:00
8526,Raydium,RAY,raydium,88,1.971359006016222,77249487.24373104,531751874.1956668,-1.54519206,-10.8520922,10.82055543,2026-09-28 14:30:00+00:00,2026-09-28 14:31:43.654000+00:00
3773,Artificial Superintelligence Alliance,FET,artificial-superintelligence-alliance,89,0.22775610068977484,171772403.99898535,526460159.0398847,-3.07052844,-5.47586615,10.69685883,2026-09-28 14:31:00+00:00,2026-09-28 14:31:43.654000+00:00
29420,Virtuals Protocol,VIRTUAL,virtual-protocol,90,0.7942153733422603,185384585.00073406,523377486.0550485,-2.88128295,-1.35254964,11.76584293,2026-09-28 14:31:00+00:00,2026-09-28 14:31:43.654000+00:00
6538,Curve DAO Token,CRV,curve-dao-token,91,0.3277164591217013,61850297.10784356,513897884.9247079,-1.49110139,-5.1543833,-8.64241902,2026-09-28 14:30:00+00:00,2026-09-28 14:31:43.654000+00:00
2563,TrueUSD,TUSD,trueusd,92,0.9998439480146935,13868971.64654047,494437912.9395338,0.03969826,0.03492212,0.06338063,2026-09-28 14:30:00+00:00,2026-09-28 14:31:43.654000+00:00
38590,币安人生,币安人生,bianrensheng,93,0.48628173326023877,1935092.13953047,486281733.26023877,-0.71324508,-2.06733423,-5.45060564,2026-09-28 14:31:00+00:00,2026-09-28 14:31:43.654000+00:00
20641,EURC,EURC,euro-coin,94,1.1365366810062731,49824930.10753268,459991794.99700373,0.06329409,-0.24904769,-0.9235288,2026-09-28 14:31:00+00:00,2026-09-28 14:31:43.654000+00:00
39064,Midnight,NIGHT,midnight-network,95,0.026908300949943387,29452266.27897244,446876901.07801753,-0.82394547,1.26670925,10.46421792,2026-09-28 14:31:00+00:00,2026-09-28 14:31:43.654000+00:00
36645,Plasma,XPL,plasma-xpl,96,0.0983433702155651,178221226.07812044,445823278.3105585,-3.44912483,-9.30883804,-5.06492445,2026-09-28 14:30:00+00:00,2026-09-28 14:31:43.654000+00:00
38849,Pieverse,PIEVERSE,pieverse,97,1.5002296184695543,160043016.18607235,443096148.3247359,-2.36230842,-4.56332581,-18.62169563,2026-09-28 14:31:00+00:00,2026-09-28 14:31:43.654000+00:00
22861,Celestia,TIA,celestia,98,0.4505516164287532,42741511.46803392,414477298.63441867,-3.09165625,-8.68373654,2.75845166,2026-09-28 14:31:00+00:00,2026-09-28 14:31:43.654000+00:00
9481,Pendle,PENDLE,pendle,99,2.3642595091283867,57025998.41283967,410487139.67982376,-1.40936007,-9.85970421,-10.65866644,2026-09-28 14:30:00+00:00,2026-09-28 14:31:43.654000+00:00
3602,Bitcoin SV,BSV,bitcoin-sv,100,19.912288066064082,14401619.53696257,400034818.1781173,-1.25143766,-7.62458372,11.00969317,2026-09-28 14:30:00+00:00,2026-09-28 14:31:43.654000+00:00
